video_id,pred,prob,num_segments,num_positive_segments,segment_label,true_label
0,1,0.9984114,6,5,1,1
3,1,0.9992792,7,6,1,1
4,0,0.28798452,7,0,1,1
5,1,0.88096094,7,6,1,1
6,1,0.99841297,9,6,1,1
7,1,0.9970112,7,7,1,1
8,1,0.9625435,6,4,1,1
10,1,0.99604994,10,10,1,1
13,1,0.98730254,5,5,1,1
14,1,0.987048,7,6,1,1
15,1,0.9971284,7,6,1,1
16,1,0.95535946,7,7,1,1
17,1,0.98202884,10,5,1,1
18,1,0.93818444,7,6,1,1
19,1,0.9984805,7,7,1,1
21,1,0.9983962,7,6,1,1
22,1,0.9789114,6,6,1,1
23,1,0.9929462,8,6,1,1
24,1,0.998487,8,6,1,1
25,1,0.99592066,9,8,1,1
26,1,0.72289056,6,5,1,1
27,1,0.9972505,6,5,1,1
28,1,0.9989453,6,6,1,1
29,1,0.9950865,8,4,1,1
31,1,0.9654119,6,6,1,1
32,1,0.67494434,9,4,1,1
36,1,0.9970017,7,6,1,1
37,1,0.99927014,6,6,1,1
39,1,0.9970868,8,6,1,1
40,1,0.9811897,9,9,1,1
41,1,0.99924207,6,5,1,1
42,1,0.996496,6,5,1,1
43,0,0.05914212,8,0,1,1
44,1,0.9896544,7,5,1,1
46,1,0.99631184,9,6,1,1
47,1,0.97939384,7,4,1,1
48,1,0.80714464,7,1,1,1
49,1,0.97457176,9,9,1,1
54,1,0.9716831,6,5,1,1
55,1,0.9969331,9,6,1,1
56,1,0.9527334,11,2,1,1
57,1,0.99498487,7,7,1,1
58,1,0.9977558,6,6,1,1
59,1,0.99632,7,6,1,1
60,1,0.99690104,7,6,1,1
61,1,0.9841172,6,6,1,1
62,1,0.5980601,6,1,1,1
63,1,0.997271,7,5,1,1
64,1,0.85795915,7,6,1,1
65,1,0.99451727,5,5,1,1
66,1,0.99054104,7,4,1,1
68,1,0.99700695,8,6,1,1
71,1,0.9903105,7,7,1,1
72,1,0.58138216,8,1,1,1
74,1,0.99802846,9,7,1,1
76,1,0.9209713,10,5,1,1
77,1,0.9988084,6,5,1,1
78,1,0.98928344,7,6,1,1
79,1,0.99869007,8,6,1,1
81,1,0.95856637,6,6,1,1
82,1,0.9946496,9,6,1,1
83,1,0.9726485,7,7,1,1
84,1,0.962555,10,9,1,1
85,1,0.7851776,7,2,1,1
86,1,0.99954754,6,6,1,1
89,1,0.9852533,5,2,1,1
90,1,0.9883632,6,4,1,1
93,1,0.9810352,6,5,1,1
95,0,0.40773657,6,0,1,1
96,1,0.9881357,7,7,1,1
97,1,0.7346677,7,5,1,1
98,1,0.9991171,8,6,1,1
99,1,0.9807602,9,7,1,1
100,1,0.9982608,6,5,1,1
102,1,0.9988279,7,5,1,1
103,1,0.9977817,9,3,1,1
104,1,0.99838376,8,6,1,1
105,1,0.8629346,6,1,1,1
106,1,0.99693394,8,6,1,1
108,0,0.011577368,6,0,1,1
109,1,0.99670726,5,5,1,1
110,1,0.99884474,8,6,1,1
111,1,0.99848264,6,6,1,1
112,1,0.99928457,7,5,1,1
114,1,0.9991794,7,7,1,1
117,1,0.7697815,6,2,1,1
118,1,0.99843687,7,5,1,1
119,1,0.8947581,7,4,1,1
121,0,0.42604837,5,0,1,1
122,1,0.99389935,11,6,1,1
123,1,0.99499303,11,5,1,1
124,1,0.9995394,10,6,1,1
125,1,0.9901091,8,6,1,1
127,1,0.92340446,6,5,1,1
128,1,0.9671417,8,3,1,1
129,1,0.9989079,7,5,1,1
130,1,0.9938539,7,5,1,1
131,1,0.9861064,9,5,1,1
132,1,0.98672485,6,4,1,1
133,1,0.99850225,11,8,1,1
135,1,0.97765803,8,8,1,1
136,1,0.9360538,6,5,1,1
138,1,0.9943357,7,7,1,1
141,1,0.9926186,8,6,1,1
142,1,0.9820331,8,6,1,1
143,1,0.99571264,8,5,1,1
144,1,0.998164,9,6,1,1
145,1,0.9983613,6,5,1,1
147,1,0.93719757,5,5,1,1
148,1,0.99653614,8,7,1,1
149,1,0.998811,6,5,1,1
151,1,0.9924508,8,5,1,1
152,1,0.9261919,8,7,1,1
153,1,0.9969663,8,6,1,1
154,1,0.97579885,8,5,1,1
155,1,0.71068203,9,2,1,1
157,1,0.9938181,7,6,1,1
158,1,0.9994771,7,6,1,1
160,1,0.9953243,6,5,1,1
162,1,0.9658117,8,8,1,1
163,1,0.99203086,9,7,1,1
164,1,0.9732702,5,5,1,1
166,1,0.9983871,9,6,1,1
167,1,0.9481754,7,7,1,1
168,1,0.9863492,7,6,1,1
169,1,0.92973477,9,2,1,1
170,1,0.99899167,8,6,1,1
171,1,0.9964049,7,6,1,1
172,1,0.98820424,7,5,1,1
173,1,0.99825114,6,6,1,1
174,1,0.9975668,7,7,1,1
175,0,0.4803989,8,0,1,1
177,1,0.9960271,7,7,1,1
179,1,0.9986883,7,6,1,1
180,1,0.51456004,7,1,1,1
181,1,0.99859565,6,6,1,1
183,1,0.97512543,8,7,1,1
184,1,0.9928901,8,6,1,1
187,1,0.91549414,8,4,1,1
188,1,0.9711793,7,2,1,1
189,1,0.9990945,8,6,1,1
190,1,0.7652307,7,6,1,1
192,1,0.99846846,7,6,1,1
194,1,0.9919355,6,6,1,1
195,1,0.99326867,9,8,1,1
199,1,0.99752766,6,6,1,1
200,1,0.9455036,7,6,1,1
201,1,0.9964965,8,6,1,1
202,1,0.9731309,6,6,1,1
205,1,0.99839056,6,6,1,1
206,1,0.9913748,7,7,1,1
207,1,0.9793084,6,6,1,1
208,1,0.9928389,5,4,1,1
209,1,0.9974642,7,5,1,1
210,1,0.98914796,7,7,1,1
213,1,0.9962528,6,6,1,1
214,1,0.9814496,6,6,1,1
216,1,0.98502237,11,6,1,1
217,1,0.9328154,11,6,1,1
218,1,0.87340486,7,1,1,1
222,1,0.9987658,7,7,1,1
223,1,0.99856275,9,6,1,1
224,1,0.9965752,6,6,1,1
225,1,0.9992235,10,7,1,1
226,1,0.9922122,8,7,1,1
227,1,0.9846266,8,5,1,1
228,1,0.99832827,6,5,1,1
232,1,0.89568615,7,5,1,1
233,1,0.99603695,11,8,1,1
234,1,0.9981869,6,6,1,1
235,1,0.9901564,6,5,1,1
236,1,0.996439,7,6,1,1
237,1,0.9815431,8,7,1,1
238,1,0.9982692,6,5,1,1
239,1,0.8702354,5,5,1,1
240,1,0.98649037,11,7,1,1
242,1,0.9875113,7,7,1,1
244,1,0.99299616,6,6,1,1
245,1,0.99627495,7,7,1,1
247,1,0.9539602,7,5,1,1
250,1,0.9976545,5,5,1,1
251,0,0.35627922,5,0,1,1
252,1,0.57959086,8,1,1,1
253,1,0.9957683,8,8,1,1
254,1,0.9386339,8,4,1,1
255,1,0.9991239,7,6,1,1
256,1,0.9962297,10,10,1,1
259,1,0.9962209,8,7,1,1
260,1,0.9991584,9,5,1,1
262,1,0.97855127,10,6,1,1
263,1,0.97986823,8,5,1,1
264,1,0.96504766,5,5,1,1
265,1,0.99791235,8,7,1,1
266,1,0.99814785,6,6,1,1
269,1,0.9869604,10,5,1,1
270,1,0.9900248,9,5,1,1
271,1,0.98517716,10,6,1,1
272,1,0.99119616,7,4,1,1
273,1,0.9985183,7,7,1,1
275,1,0.99764085,7,6,1,1
276,1,0.99867946,5,5,1,1
282,1,0.99734575,7,6,1,1
283,1,0.99835783,6,5,1,1
284,1,0.9935174,7,5,1,1
285,1,0.9985139,8,6,1,1
286,1,0.9979253,7,6,1,1
287,1,0.9240635,7,7,1,1
288,1,0.9171477,5,5,1,1
289,1,0.9990044,8,4,1,1
290,1,0.9988464,8,8,1,1
291,1,0.9854291,7,5,1,1
292,1,0.9990767,7,6,1,1
294,1,0.9981086,7,5,1,1
295,1,0.9903048,6,6,1,1
296,1,0.93494,6,6,1,1
298,1,0.9977937,8,7,1,1
300,1,0.9982736,7,6,1,1
301,0,0.20296405,8,0,1,1
302,1,0.9928819,8,4,1,1
303,1,0.9902514,8,7,1,1
307,1,0.9991999,7,5,1,1
308,1,0.99783355,6,6,1,1
309,1,0.9416058,8,7,1,1
310,1,0.9901751,9,4,1,1
311,1,0.9951727,8,6,1,1
312,1,0.9987777,6,6,1,1
313,1,0.9779749,8,4,1,1
317,1,0.9973471,5,5,1,1
318,1,0.9977063,7,3,1,1
319,1,0.9791616,6,5,1,1
320,1,0.99887794,9,8,1,1
321,1,0.9909853,7,6,1,1
324,1,0.99610126,8,4,1,1
325,1,0.9877077,10,3,1,1
326,1,0.9772931,8,8,1,1
327,1,0.9970229,7,5,1,1
328,1,0.99195707,8,4,1,1
329,1,0.99685955,8,6,1,1
330,1,0.99495596,8,4,1,1
331,1,0.9984255,7,5,1,1
332,1,0.99248874,6,6,1,1
333,1,0.99270284,6,6,1,1
334,1,0.98304164,11,4,1,1
335,1,0.8760567,10,4,1,1
336,1,0.8400032,6,2,1,1
339,0,0.36224875,6,0,1,1
340,1,0.9504078,7,3,1,1
341,1,0.9969183,10,10,1,1
342,1,0.9916004,7,7,1,1
343,1,0.997127,6,6,1,1
344,1,0.9987483,11,6,1,1
345,1,0.99883765,8,5,1,1
348,1,0.9965062,6,4,1,1
349,1,0.9983546,8,6,1,1
351,1,0.5366518,8,1,1,1
353,1,0.98350614,7,6,1,1
354,1,0.9914528,7,5,1,1
355,1,0.99709225,7,3,1,1
356,1,0.99619246,7,5,1,1
357,1,0.95347846,9,5,1,1
358,1,0.99239266,9,6,1,1
360,1,0.99615884,6,6,1,1
361,1,0.99417216,7,6,1,1
362,1,0.9983559,6,6,1,1
363,1,0.99840957,7,6,1,1
364,1,0.9980666,6,3,1,1
366,1,0.99873084,9,6,1,1
369,1,0.99085826,9,6,1,1
370,1,0.99806696,7,6,1,1
371,1,0.99788433,9,6,1,1
372,1,0.99637294,8,4,1,1
373,1,0.9693755,7,2,1,1
375,1,0.9958236,7,6,1,1
376,1,0.8724602,9,3,1,1
378,1,0.93804014,11,8,1,1
380,1,0.9950093,8,6,1,1
381,1,0.99543023,11,7,1,1
382,1,0.99161667,7,7,1,1
383,0,0.0010044895,4,0,1,1
387,1,0.99901426,6,6,1,1
388,1,0.9708849,7,4,1,1
389,1,0.94862443,9,3,1,1
391,1,0.97620267,10,8,1,1
392,0,0.20881993,8,0,1,1
393,1,0.99918014,9,6,1,1
394,1,0.94232464,6,6,1,1
395,1,0.9907516,8,6,1,1
397,1,0.96150386,5,5,1,1
398,1,0.9871524,7,7,1,1
401,1,0.98777235,8,6,1,1
403,1,0.8940001,11,6,1,1
405,1,0.9959228,7,6,1,1
406,1,0.99912804,8,8,1,1
407,1,0.9993457,7,6,1,1
408,1,0.9789049,9,6,1,1
410,1,0.9920139,5,4,1,1
411,1,0.9926197,8,7,1,1
413,1,0.99792755,9,7,1,1
414,1,0.96131843,5,5,1,1
415,1,0.9991628,6,6,1,1
416,1,0.9740096,7,6,1,1
417,1,0.9976451,8,6,1,1
418,1,0.99846673,8,8,1,1
420,0,0.37009132,8,0,1,1
422,1,0.98801416,9,7,1,1
423,1,0.9883972,8,6,1,1
424,1,0.99882644,6,6,1,1
425,1,0.97298425,8,4,1,1
426,1,0.9873302,10,4,1,1
427,1,0.9883173,8,4,1,1
428,1,0.9993063,6,6,1,1
429,1,0.91427255,6,5,1,1
430,1,0.9977843,6,6,1,1
431,1,0.9990553,8,6,1,1
433,1,0.9922125,10,7,1,1
434,1,0.99745995,6,6,1,1
435,1,0.997269,7,5,1,1
437,1,0.9988054,6,6,1,1
440,1,0.9988255,8,6,1,1
441,1,0.9548893,7,6,1,1
443,1,0.70203406,7,4,1,1
444,1,0.9782049,7,5,1,1
447,1,0.822915,5,5,1,1
449,1,0.8717451,9,5,1,1
450,1,0.9972149,9,6,1,1
452,1,0.99425757,5,5,1,1
453,1,0.99886715,6,5,1,1
454,1,0.99789065,7,6,1,1
455,1,0.99638957,8,5,1,1
456,1,0.59603405,5,1,1,1
457,0,0.39723298,8,0,1,1
458,1,0.9980921,8,6,1,1
459,1,0.94761634,7,5,1,1
460,1,0.9978175,7,5,1,1
461,1,0.99853444,6,6,1,1
463,1,0.9133821,11,5,1,1
464,1,0.9790725,6,4,1,1
466,1,0.8802896,6,6,1,1
467,1,0.9773653,5,5,1,1
469,1,0.70230573,7,1,1,1
471,1,0.99796695,5,5,1,1
472,1,0.9006484,8,8,1,1
473,1,0.99900264,6,6,1,1
474,1,0.9966781,9,8,1,1
475,1,0.99867046,9,4,1,1
477,1,0.9987595,7,6,1,1
478,1,0.9831602,9,5,1,1
479,1,0.9879908,9,7,1,1
480,1,0.99907047,6,6,1,1
481,1,0.97405076,11,8,1,1
483,1,0.9989429,7,4,1,1
485,1,0.99604625,12,6,1,1
486,1,0.9870047,6,6,1,1
487,1,0.99742126,7,3,1,1
488,1,0.9975311,9,7,1,1
491,1,0.9932254,5,5,1,1
493,1,0.99332327,8,7,1,1
494,1,0.9991491,7,6,1,1
495,1,0.99828523,7,6,1,1
496,1,0.9987294,10,6,1,1
497,1,0.99811125,9,7,1,1
498,1,0.98728615,9,7,1,1
500,1,0.90665305,9,7,1,1
501,1,0.98480636,7,6,1,1
502,1,0.99847156,8,6,1,1
503,1,0.99832183,6,6,1,1
505,1,0.9958049,5,5,1,1
506,1,0.99833775,12,6,1,1
510,1,0.98705924,7,6,1,1
512,1,0.74233603,6,3,1,1
515,1,0.99420303,7,6,1,1
516,1,0.9976513,7,5,1,1
517,1,0.9913537,8,5,1,1
519,1,0.99606735,8,6,1,1
520,1,0.99802727,7,6,1,1
521,1,0.99924684,9,7,1,1
522,1,0.9479067,9,4,1,1
523,1,0.7446354,10,4,1,1
526,1,0.96747845,6,6,1,1
527,1,0.9990428,10,7,1,1
528,1,0.9941017,14,9,1,1
529,1,0.9961733,7,7,1,1
530,1,0.97879636,6,5,1,1
533,1,0.9989009,5,5,1,1
534,1,0.9975205,8,6,1,1
537,1,0.9901522,7,6,1,1
538,1,0.9718417,10,7,1,1
539,1,0.99585164,7,6,1,1
540,1,0.98227733,7,4,1,1
541,1,0.9915399,8,6,1,1
542,1,0.9808687,6,5,1,1
543,1,0.99941516,8,6,1,1
544,1,0.9977962,5,5,1,1
546,1,0.9891065,8,8,1,1
547,1,0.99407935,9,8,1,1
549,1,0.9778943,7,6,1,1
550,1,0.99317837,6,5,1,1
551,1,0.93380046,13,6,1,1
553,1,0.9987685,7,4,1,1
554,1,0.9951984,6,6,1,1
556,1,0.98202467,8,5,1,1
557,1,0.9891087,6,6,1,1
558,1,0.9917759,8,6,1,1
560,1,0.9909683,5,5,1,1
562,1,0.961407,7,5,1,1
563,0,0.1603891,8,0,1,1
564,1,0.9933088,7,5,1,1
565,1,0.9970143,7,6,1,1
566,1,0.98602027,6,6,1,1
567,1,0.98451346,8,3,1,1
568,1,0.98877805,5,5,1,1
570,1,0.98242235,6,5,1,1
571,1,0.975298,9,2,1,1
573,0,0.0055927034,6,0,1,1
574,1,0.8320633,8,5,1,1
577,1,0.9368598,7,6,1,1
579,1,0.9953377,9,8,1,1
580,1,0.9468453,5,1,1,1
581,1,0.9950801,9,3,1,1
583,1,0.997391,7,5,1,1
584,1,0.978843,10,5,1,1
585,1,0.9823371,9,7,1,1
586,1,0.9978011,5,5,1,1
587,1,0.9915733,6,6,1,1
588,1,0.98749304,7,5,1,1
589,1,0.9990687,6,6,1,1
590,1,0.99873954,7,6,1,1
591,1,0.99783903,6,6,1,1
592,1,0.9719491,7,7,1,1
593,1,0.9557586,7,6,1,1
594,1,0.9994312,10,6,1,1
596,1,0.9939355,8,5,1,1
597,0,0.22981583,7,0,1,1
598,1,0.931293,8,4,1,1
599,1,0.990072,7,6,1,1
600,1,0.99513763,7,6,1,1
601,1,0.79596496,7,6,1,1
602,1,0.98961955,10,7,1,1
603,1,0.9677251,9,6,1,1
604,1,0.9900872,9,7,1,1
605,1,0.996108,9,6,1,1
606,1,0.9968257,7,6,1,1
607,1,0.96349496,9,5,1,1
608,1,0.9989631,6,6,1,1
609,1,0.87244606,7,3,1,1
610,1,0.998519,9,6,1,1
611,1,0.9624875,7,5,1,1
613,1,0.9927326,6,6,1,1
614,1,0.99870145,6,5,1,1
617,1,0.98339176,7,3,1,1
618,1,0.9851627,10,6,1,1
621,1,0.9969555,5,5,1,1
622,1,0.99098176,6,6,1,1
623,1,0.8549341,7,5,1,1
624,1,0.9938453,8,3,1,1
625,1,0.9960056,7,7,1,1
626,1,0.98794764,8,6,1,1
627,1,0.9758622,7,2,1,1
629,1,0.9964328,7,7,1,1
630,1,0.99880755,7,6,1,1
633,1,0.9975338,6,5,1,1
634,1,0.9982274,8,6,1,1
635,1,0.97378993,9,6,1,1
636,1,0.9953022,9,6,1,1
637,1,0.99595284,7,6,1,1
638,1,0.960369,8,3,1,1
639,1,0.9924826,9,4,1,1
640,1,0.9927649,6,6,1,1
641,1,0.9371419,7,6,1,1
642,1,0.9942563,8,7,1,1
643,1,0.9920283,8,2,1,1
644,1,0.5434243,7,1,1,1
645,1,0.95260787,6,5,1,1
647,1,0.99011606,6,2,1,1
648,1,0.998066,8,5,1,1
650,1,0.9992716,7,6,1,1
651,1,0.97820604,12,6,1,1
652,1,0.9954633,6,3,1,1
653,1,0.99720323,5,5,1,1
655,1,0.9888474,8,5,1,1
656,1,0.98770356,7,5,1,1
657,1,0.9928799,5,5,1,1
658,1,0.98689353,8,7,1,1
659,1,0.9972145,6,6,1,1
660,1,0.9346978,7,6,1,1
661,1,0.9975198,8,5,1,1
663,1,0.9938403,8,6,1,1
664,1,0.99463034,8,5,1,1
665,1,0.997926,9,6,1,1
666,1,0.5855138,6,2,1,1
667,1,0.9789889,9,5,1,1
668,1,0.9899282,9,5,1,1
669,0,0.39706847,9,0,1,1
670,1,0.9797753,8,7,1,1
671,1,0.9971909,7,6,1,1
673,1,0.9825211,9,6,1,1
674,1,0.98400855,9,6,1,1
675,1,0.9625695,11,5,1,1
677,1,0.975425,5,5,1,1
678,0,0.040154956,6,0,1,1
682,1,0.98488563,7,4,1,1
683,1,0.97917753,9,5,1,1
684,1,0.9901924,6,5,1,1
686,1,0.9958085,7,4,1,1
687,1,0.98943514,7,7,1,1
688,1,0.99801207,10,6,1,1
690,1,0.9983524,6,5,1,1
691,1,0.9973822,6,6,1,1
692,1,0.998151,8,7,1,1
693,1,0.9870682,7,5,1,1
694,1,0.9991653,7,5,1,1
695,1,0.9974058,8,6,1,1
696,1,0.9929133,6,5,1,1
697,1,0.99256504,10,7,1,1
698,0,0.15817937,8,0,1,1
699,1,0.9825341,6,5,1,1
700,1,0.9980299,5,5,1,1
701,1,0.96323496,8,5,1,1
702,1,0.99155056,5,5,1,1
703,1,0.9994306,7,7,1,1
704,1,0.95809585,7,4,1,1
705,1,0.8325308,8,4,1,1
707,1,0.99818975,9,6,1,1
709,1,0.9781991,6,4,1,1
710,1,0.9978041,8,6,1,1
712,1,0.9962282,6,5,1,1
713,1,0.99456584,6,5,1,1
714,0,0.49015644,6,0,1,1
715,1,0.9989518,6,6,1,1
719,1,0.99195236,6,6,1,1
722,1,0.9963225,10,6,1,1
723,1,0.7385348,8,4,1,1
725,1,0.91357976,6,2,1,1
727,1,0.87817895,7,4,1,1
729,1,0.99199414,6,6,1,1
730,1,0.9965558,7,6,1,1
731,1,0.99807286,7,6,1,1
733,1,0.9887805,8,6,1,1
734,1,0.9990482,7,5,1,1
735,1,0.97573906,8,6,1,1
737,1,0.9925304,10,5,1,1
739,1,0.94756186,9,6,1,1
740,1,0.9766357,8,6,1,1
741,1,0.9429033,9,4,1,1
742,1,0.99165463,5,5,1,1
744,1,0.8144461,7,4,1,1
745,1,0.99510574,8,6,1,1
747,1,0.95084256,6,5,1,1
748,1,0.95506054,7,6,1,1
750,1,0.9974463,6,5,1,1
751,1,0.9920109,5,5,1,1
753,1,0.98103595,6,4,1,1
754,1,0.95392156,7,7,1,1
755,1,0.5269933,7,1,1,1
757,1,0.9961893,10,5,1,1
758,1,0.7836342,6,6,1,1
761,1,0.96345896,8,4,1,1
762,1,0.9939814,6,5,1,1
763,1,0.9965976,7,7,1,1
765,1,0.98838145,10,6,1,1
766,1,0.99503326,6,5,1,1
769,1,0.99404514,8,8,1,1
771,1,0.99008536,7,7,1,1
773,1,0.9978543,6,5,1,1
774,1,0.99617803,6,5,1,1
776,1,0.70747036,8,2,1,1
777,1,0.9841928,6,5,1,1
780,1,0.9988115,6,6,1,1
782,1,0.99803656,7,7,1,1
783,1,0.9142053,8,3,1,1
784,1,0.99677974,8,4,1,1
785,1,0.9954887,8,7,1,1
787,1,0.9989091,7,5,1,1
788,1,0.9910617,8,6,1,1
789,1,0.98999536,7,7,1,1
791,1,0.99805176,6,6,1,1
792,1,0.998295,7,6,1,1
793,1,0.98982656,5,5,1,1
794,1,0.9902631,9,4,1,1
795,1,0.9979121,8,6,1,1
798,1,0.9604682,8,6,1,1
802,1,0.9960603,8,6,1,1
803,1,0.98386776,6,6,1,1
804,1,0.9950052,7,6,1,1
805,1,0.99561846,9,5,1,1
809,1,0.9979977,5,4,1,1
810,1,0.94522935,6,5,1,1
813,1,0.99781716,9,5,1,1
816,1,0.9954875,6,3,1,1
817,1,0.9852969,7,6,1,1
818,1,0.9029251,9,2,1,1
819,1,0.99843115,9,6,1,1
820,1,0.997797,5,5,1,1
822,1,0.99525285,9,8,1,1
823,0,0.3483231,7,0,1,1
824,1,0.98499924,11,7,1,1
825,1,0.98856306,6,6,1,1
827,1,0.99682415,7,6,1,1
828,1,0.94864553,8,5,1,1
830,1,0.944223,9,4,1,1
831,1,0.9888736,6,6,1,1
832,1,0.98746026,7,7,1,1
833,1,0.7907356,6,6,1,1
834,1,0.99455124,8,6,1,1
835,1,0.986381,8,5,1,1
836,1,0.9927648,10,8,1,1
838,1,0.99875987,5,5,1,1
839,1,0.953312,6,5,1,1
840,1,0.983431,6,4,1,1
841,1,0.98524886,10,5,1,1
842,1,0.99676526,9,5,1,1
843,1,0.9979976,8,6,1,1
845,1,0.9901444,6,5,1,1
846,1,0.9853923,7,6,1,1
847,1,0.9705916,9,7,1,1
849,1,0.99881697,6,6,1,1
850,1,0.9920672,7,7,1,1
851,1,0.9336481,5,4,1,1
854,1,0.97004706,7,5,1,1
856,1,0.9406701,6,5,1,1
857,1,0.8520496,8,4,1,1
858,1,0.998522,7,6,1,1
859,1,0.9914296,7,4,1,1
860,1,0.9974485,7,5,1,1
861,1,0.9986015,8,5,1,1
863,1,0.9786773,7,7,1,1
864,1,0.97952616,11,6,1,1
865,1,0.9651473,10,2,1,1
866,1,0.99765104,7,6,1,1
867,1,0.96982735,8,6,1,1
868,1,0.98467803,7,6,1,1
869,1,0.9720042,7,5,1,1
872,1,0.9972121,8,6,1,1
873,0,0.3361053,6,0,1,1
874,1,0.9926973,7,6,1,1
875,1,0.66646844,8,1,1,1
876,1,0.933401,7,7,1,1
877,1,0.9965017,8,6,1,1
879,1,0.99663746,7,7,1,1
880,1,0.86172813,7,5,1,1
881,0,0.002381596,7,0,1,1
882,1,0.972771,10,6,1,1
883,1,0.7887327,7,3,1,1
884,1,0.9271027,8,5,1,1
885,1,0.9926622,7,6,1,1
887,1,0.9384725,9,4,1,1
888,1,0.9016353,6,6,1,1
889,1,0.99455255,7,7,1,1
890,1,0.9960188,7,6,1,1
891,1,0.951745,7,7,1,1
895,1,0.9821338,7,4,1,1
896,1,0.9474771,9,5,1,1
897,1,0.9980465,12,7,1,1
898,1,0.97506,8,3,1,1
900,1,0.99785465,9,9,1,1
901,1,0.99865294,7,6,1,1
902,1,0.76788765,5,4,1,1
903,1,0.99635375,7,6,1,1
904,1,0.8116679,7,1,1,1
905,1,0.9937902,7,7,1,1
906,1,0.9970356,7,6,1,1
909,1,0.9980603,6,6,1,1
910,1,0.99909306,10,7,1,1
911,1,0.99555284,8,6,1,1
912,1,0.9932458,7,6,1,1
913,1,0.9766357,6,6,1,1
914,1,0.99786085,7,6,1,1
915,1,0.99519134,7,6,1,1
916,1,0.9014346,8,5,1,1
917,1,0.9980586,5,5,1,1
918,1,0.9552262,8,5,1,1
921,1,0.9928046,7,6,1,1
923,1,0.97038525,7,7,1,1
926,1,0.9428741,6,6,1,1
927,1,0.9982679,10,6,1,1
928,1,0.9972428,10,6,1,1
929,1,0.9975545,6,5,1,1
930,1,0.9411015,9,4,1,1
931,1,0.92152834,9,7,1,1
932,1,0.9983204,6,5,1,1
935,1,0.99084353,9,8,1,1
936,1,0.9956911,9,6,1,1
937,1,0.99834156,6,6,1,1
938,1,0.82803917,6,6,1,1
940,1,0.95022756,6,5,1,1
942,1,0.98291427,8,6,1,1
943,1,0.98550826,6,6,1,1
944,1,0.64557403,7,3,1,1
945,1,0.99446183,6,6,1,1
947,1,0.98951423,9,6,1,1
948,1,0.976914,8,5,1,1
949,1,0.9958691,8,7,1,1
952,1,0.9984028,6,6,1,1
953,1,0.9747512,6,6,1,1
954,1,0.99595743,10,6,1,1
955,1,0.97275496,9,4,1,1
957,1,0.9908112,11,7,1,1
958,1,0.9343531,7,7,1,1
959,1,0.92905605,7,5,1,1
960,1,0.9969867,9,6,1,1
961,1,0.70312905,8,3,1,1
963,1,0.9724253,8,7,1,1
964,1,0.90960664,7,6,1,1
965,1,0.983426,10,6,1,1
966,1,0.9942508,7,6,1,1
967,1,0.9951892,9,6,1,1
968,1,0.99252194,8,6,1,1
970,1,0.9985128,7,6,1,1
971,1,0.9975562,7,6,1,1
972,1,0.814902,8,1,1,1
973,1,0.96883696,6,6,1,1
976,1,0.9781747,6,5,1,1
977,1,0.7886505,6,6,1,1
978,1,0.9951782,8,5,1,1
979,1,0.99824715,6,6,1,1
980,1,0.99394363,9,6,1,1
981,1,0.98848957,7,6,1,1
982,1,0.9959973,6,6,1,1
983,1,0.9847869,5,5,1,1
985,1,0.9928363,7,5,1,1
986,1,0.89224386,8,6,1,1
988,1,0.9755484,5,5,1,1
989,1,0.9969704,8,5,1,1
990,1,0.9902284,9,6,1,1
991,1,0.99357116,7,6,1,1
995,1,0.9948437,10,6,1,1
996,1,0.98994803,8,5,1,1
997,1,0.99644405,6,5,1,1
998,0,0.13020296,6,0,1,1
1000,1,0.9927315,6,5,1,1
1002,1,0.9797156,7,5,1,1
1003,1,0.99783,7,6,1,1
1004,1,0.9774556,7,7,1,1
1008,1,0.6220715,6,2,1,1
1011,1,0.9934348,6,5,1,1
1012,1,0.9554839,6,2,1,1
1013,1,0.98459226,8,5,1,1
1016,1,0.6865276,9,4,1,1
1019,1,0.9486321,6,5,1,1
1020,1,0.7764409,6,1,1,1
1022,1,0.99534374,6,6,1,1
1024,1,0.98472935,7,6,1,1
1028,1,0.96431476,7,3,1,1
1031,1,0.8946274,6,4,1,1
1033,1,0.95626116,9,5,1,1
1034,1,0.91338277,9,5,1,1
1035,1,0.9865905,10,7,1,1
1036,1,0.9988638,8,5,1,1
1037,1,0.9985868,9,7,1,1
1039,1,0.996856,7,6,1,1
1040,1,0.9190223,5,2,0,0
1041,0,0.2951075,2,0,0,0
1042,1,0.5632462,3,1,0,0
1043,0,0.3427496,7,0,0,0
1045,0,0.0022547795,3,0,0,0
1046,1,0.98245645,5,3,0,0
1048,0,0.038663156,5,0,0,0
1049,1,0.9282961,4,1,0,0
1050,0,0.16342884,2,0,0,0
1052,1,0.5553413,3,1,0,0
1054,1,0.7206502,6,1,0,0
1058,1,0.6246576,4,1,0,0
1060,1,0.760808,6,1,0,0
1061,1,0.9776945,3,2,0,0
1062,0,0.010293069,3,0,0,0
1066,0,0.025271716,1,0,0,0
1067,0,0.08024464,5,0,0,0
1070,1,0.54177505,8,1,0,0
1071,0,0.24862847,5,0,0,0
1072,1,0.9544899,2,1,0,0
1073,0,0.02686842,5,0,0,0
1074,0,0.2754317,2,0,0,0
1075,0,0.3231001,2,0,0,0
1076,0,0.293506,4,0,0,0
1078,1,0.8263913,7,3,0,0
1080,0,0.49228862,5,0,0,0
1081,1,0.80093724,3,2,0,0
1084,0,0.28084898,6,0,0,0
1085,0,0.0024848508,7,0,0,0
1088,0,0.047842458,2,0,0,0
1089,1,0.9798369,5,3,0,0
1090,0,0.059318546,3,0,0,0
1092,0,0.048763912,3,0,0,0
1094,0,0.2751716,4,0,0,0
1095,0,0.0038377538,1,0,0,0
1096,0,0.008641929,3,0,0,0
1097,0,0.002605436,1,0,0,0
1100,0,0.0061187125,2,0,0,0
1103,1,0.77440256,7,1,0,0
1108,0,0.06412648,3,0,0,0
1109,0,0.021460708,3,0,0,0
1111,0,0.14337981,1,0,0,0
1112,0,0.16412018,5,0,0,0
1114,0,0.006039957,4,0,0,0
1115,0,0.33477488,5,0,0,0
1116,0,0.102903955,1,0,0,0
1118,1,0.7482042,3,2,0,0
1121,0,0.066143334,3,0,0,0
1122,0,0.045260057,2,0,0,0
1127,0,0.00035909607,4,0,0,0
1128,0,0.13882165,5,0,0,0
1130,1,0.9720006,5,1,0,0
1131,0,0.17665453,7,0,0,0
1132,0,0.13391848,4,0,0,0
1134,0,0.41627008,3,0,0,0
1135,0,0.28692618,2,0,0,0
1136,1,0.92945486,3,1,0,0
1137,0,0.020988438,9,0,0,0
1138,0,0.14725031,3,0,0,0
1140,0,0.4732666,8,0,0,0
1141,1,0.51326555,4,1,0,0
1142,0,0.16929083,5,0,0,0
1144,0,0.02711265,3,0,0,0
1145,0,0.26139385,5,0,0,0
1146,0,0.43314263,6,0,0,0
1147,1,0.8689424,5,1,0,0
1153,1,0.9352167,2,1,0,0
1155,0,0.056636207,4,0,0,0
1156,1,0.84273183,8,1,0,0
1157,1,0.56593484,3,1,0,0
1159,0,0.008196899,3,0,0,0
1162,0,0.059723467,2,0,0,0
1165,0,0.2725044,3,0,0,0
1167,1,0.5127815,2,1,0,0
1170,0,0.04788564,2,0,0,0
1171,0,0.005576336,3,0,0,0
1173,1,0.6972375,9,1,0,0
1175,0,0.017562835,4,0,0,0
1176,1,0.9879992,3,1,0,0
1177,0,0.17487395,5,0,0,0
1178,1,0.9390762,3,3,0,0
1182,0,0.00039962583,3,0,0,0
1187,0,0.008709363,3,0,0,0
1189,0,0.021003518,4,0,0,0
1190,0,0.005363767,4,0,0,0
1191,1,0.5061881,3,1,0,0
1192,1,0.5178017,8,1,0,0
1194,0,0.0017235482,3,0,0,0
1195,0,0.0019411055,2,0,0,0
1196,0,0.15591918,6,0,0,0
1197,0,0.0032458585,1,0,0,0
1204,0,0.0029527913,2,0,0,0
1205,0,0.03797467,4,0,0,0
1206,0,0.48966262,4,0,0,0
1207,0,0.015828274,2,0,0,0
1209,0,0.0069318535,1,0,0,0
1210,0,0.12625225,4,0,0,0
1211,0,0.26201865,1,0,0,0
1213,0,0.08756971,5,0,0,0
1214,1,0.9574198,7,2,0,0
1218,1,0.78667843,8,2,0,0
1219,1,0.5756015,3,1,0,0
1220,1,0.9262318,3,1,0,0
1222,1,0.9856763,8,1,0,0
1224,0,0.12170769,5,0,0,0
1225,0,0.010627083,1,0,0,0
1227,0,0.38538486,1,0,0,0
1228,0,0.4271405,10,0,0,0
1229,0,0.109120816,5,0,0,0
1230,0,0.008776976,2,0,0,0
1234,0,0.17962399,3,0,0,0
1235,0,0.018768854,5,0,0,0
1236,1,0.8988231,5,1,0,0
1237,0,0.09632772,7,0,0,0
1238,1,0.7668095,5,2,0,0
1242,0,0.009738882,5,0,0,0
1248,0,0.4287707,3,0,0,0
1249,0,0.033925552,1,0,0,0
1250,0,0.30487546,8,0,0,0
1252,1,0.83272916,1,1,0,0
1254,1,0.6160405,3,1,0,0
1255,1,0.96353567,3,1,0,0
1256,0,0.04097807,3,0,0,0
1257,0,0.02034486,3,0,0,0
1258,0,0.20399182,5,0,0,0
1259,0,0.00095899374,5,0,0,0
1260,0,0.0019266374,2,0,0,0
1261,0,0.0014481044,2,0,0,0
1262,0,0.014304789,3,0,0,0
1263,0,0.0033253108,4,0,0,0
1265,0,0.00033069108,2,0,0,0
1266,1,0.50436634,2,1,0,0
1267,0,0.36396787,5,0,0,0
1268,0,0.008388419,5,0,0,0
1269,1,0.9919022,10,6,0,0
1270,1,0.856597,6,1,0,0
1271,1,0.68749887,3,2,0,0
1272,1,0.81077206,5,1,0,0
1276,1,0.62562305,5,1,0,0
1277,1,0.9515332,3,1,0,0
1278,0,0.013485025,9,0,0,0
1279,0,0.01716044,2,0,0,0
1281,0,0.010139128,3,0,0,0
1282,0,0.0072880764,2,0,0,0
1283,0,0.024032027,4,0,0,0
1284,0,0.01337921,5,0,0,0
1285,1,0.7086025,3,2,0,0
1286,1,0.54260105,1,1,0,0
1287,0,0.14508906,2,0,0,0
1288,0,0.007445278,2,0,0,0
1289,1,0.5661798,6,1,0,0
1290,0,0.038489427,8,0,0,0
1291,1,0.8743203,5,1,0,0
1292,0,0.0010686646,4,0,0,0
1293,0,0.21724878,5,0,0,0
1294,1,0.8757128,7,1,0,0
1295,0,0.0032397427,3,0,0,0
1296,0,0.12140836,5,0,0,0
1298,0,0.0074140523,2,0,0,0
1299,0,0.008810863,3,0,0,0
1301,0,0.13580161,2,0,0,0
1302,0,0.035063215,3,0,0,0
1303,0,0.015417166,5,0,0,0
1305,0,0.22079633,3,0,0,0
1306,0,0.30561548,6,0,0,0
1307,0,0.0060058557,4,0,0,0
1309,0,0.0016112931,5,0,0,0
1311,1,0.86735046,3,1,0,0
1313,1,0.9735488,5,2,0,0
1315,0,0.001376623,3,0,0,0
1317,0,0.016113877,4,0,0,0
1318,0,0.023623582,1,0,0,0
1319,0,0.114120275,4,0,0,0
1320,1,0.7851959,6,1,0,0
1321,0,0.20032276,6,0,0,0
1322,0,0.033254415,3,0,0,0
1323,0,0.0026483687,5,0,0,0
1324,0,0.022292774,5,0,0,0
1326,0,0.4671822,6,0,0,0
1328,0,0.029602218,9,0,0,0
1332,1,0.8251913,4,1,0,0
1333,0,0.46260503,3,0,0,0
1334,1,0.90957034,6,1,0,0
1338,0,0.0038603297,2,0,0,0
1339,0,0.024811484,3,0,0,0
1340,0,0.0075411433,2,0,0,0
1341,0,0.08867534,2,0,0,0
1342,0,0.105414785,1,0,0,0
1343,1,0.9158166,4,2,0,0
1344,0,0.00036099504,1,0,0,0
1346,0,0.002253322,4,0,0,0
1348,0,0.067437366,8,0,0,0
1350,0,0.00884725,5,0,0,0
1352,0,0.0022886274,4,0,0,0
1354,0,0.0005794734,1,0,0,0
1355,0,0.1035075,5,0,0,0
1356,0,0.02773636,3,0,0,0
1357,0,0.016349573,5,0,0,0
1360,1,0.6673901,3,2,0,0
1361,1,0.8276702,5,1,0,0
1362,0,0.12858729,4,0,0,0
1364,0,0.025852475,1,0,0,0
1365,0,0.15734242,4,0,0,0
1368,0,0.08769767,2,0,0,0
1369,0,0.0019306411,5,0,0,0
1374,1,0.9961628,7,1,0,0
1377,1,0.53862077,4,1,0,0
1379,0,0.02396169,3,0,0,0
1380,0,0.15252785,7,0,0,0
1382,0,0.24734184,1,0,0,0
1383,0,0.07793469,3,0,0,0
1384,0,0.013746175,5,0,0,0
1386,0,0.069200665,5,0,0,0
1387,1,0.51452684,2,1,0,0
1388,0,0.056134112,5,0,0,0
1390,0,0.35458457,4,0,0,0
1393,0,0.037747625,4,0,0,0
1394,0,0.029303959,1,0,0,0
1395,0,0.036027778,3,0,0,0
1396,1,0.75448424,8,2,0,0
1397,1,0.78896,7,1,0,0
1399,0,0.083783336,5,0,0,0
1400,0,0.2740897,5,0,0,0
1401,0,0.36595333,5,0,0,0
1402,0,0.030546673,5,0,0,0
1404,0,0.023403417,8,0,0,0
1405,0,0.0026323048,1,0,0,0
1408,0,0.16817348,5,0,0,0
1411,1,0.86231625,5,1,0,0
1413,0,0.033006817,1,0,0,0
1414,1,0.5255011,4,1,0,0
1415,1,0.8426012,3,1,0,0
1416,1,0.93906546,1,1,0,0
1417,0,0.020485437,9,0,0,0
1419,0,0.42015722,4,0,0,0
1420,0,0.013795585,3,0,0,0
1421,0,0.010167288,6,0,0,0
1423,0,0.020615347,2,0,0,0
1425,0,0.18645835,3,0,0,0
1426,0,0.0071199583,4,0,0,0
1429,0,0.0923837,6,0,0,0
1431,0,0.0009442708,7,0,0,0
1433,0,0.00925982,3,0,0,0
1434,1,0.67364466,6,1,0,0
1435,0,0.002125685,2,0,0,0
1436,0,0.3231045,2,0,0,0
1437,0,0.37805918,6,0,0,0
1438,0,0.001899729,1,0,0,0
1439,0,0.11618333,5,0,0,0
1440,0,0.011067296,2,0,0,0
1441,1,0.70509934,2,1,0,0
1442,0,0.04627658,3,0,0,0
1444,0,0.059482276,6,0,0,0
1445,1,0.96496814,4,1,0,0
1446,1,0.69264334,5,1,0,0
1448,1,0.7970763,3,1,0,0
1449,0,0.00814061,5,0,0,0
1452,0,0.010067203,4,0,0,0
1454,0,0.037072606,3,0,0,0
1456,0,0.1872495,3,0,0,0
1457,0,0.00051031634,3,0,0,0
1459,0,0.0070693763,7,0,0,0
1460,0,0.08718837,5,0,0,0
1461,0,0.18559717,3,0,0,0
1462,0,0.025453731,2,0,0,0
1463,0,0.46338952,5,0,0,0
1464,1,0.955635,7,3,0,0
1465,1,0.61043155,5,1,0,0
1466,1,0.6949052,3,2,0,0
1468,0,0.039329547,6,0,0,0
1470,0,0.0437793,3,0,0,0
1473,0,0.49447933,6,0,0,0
1476,0,0.02761085,5,0,0,0
1477,1,0.98393744,6,4,0,0
1478,0,0.20295516,3,0,0,0
1482,0,0.13326244,5,0,0,0
1484,0,0.04873221,7,0,0,0
1485,0,0.0029591054,4,0,0,0
1486,0,0.02059595,5,0,0,0
1487,0,0.0009227168,6,0,0,0
1488,0,0.010589882,4,0,0,0
1489,0,0.04536788,5,0,0,0
1490,1,0.90796775,5,2,0,0
1491,0,0.040927958,4,0,0,0
1492,0,0.015723754,4,0,0,0
1493,0,0.04370466,5,0,0,0
1494,0,0.1387946,1,0,0,0
1495,0,0.32481974,8,0,0,0
1496,0,0.00811674,1,0,0,0
1497,1,0.9965912,8,4,0,0
1498,0,0.06815118,5,0,0,0
1499,0,0.003836157,6,0,0,0
1500,0,0.0002554452,2,0,0,0
1501,1,0.93390477,2,1,0,0
1503,0,0.002710267,2,0,0,0
1504,0,0.028480463,1,0,0,0
1506,0,0.27989528,4,0,0,0
1507,0,0.021907251,1,0,0,0
1508,0,0.009629685,5,0,0,0
1510,0,0.033938244,4,0,0,0
1511,0,0.00066633016,1,0,0,0
1514,1,0.78141123,2,1,0,0
1517,0,0.35152343,4,0,0,0
1518,0,0.09923227,4,0,0,0
1519,0,0.08012231,4,0,0,0
1521,1,0.9820977,9,3,0,0
1523,0,0.01520612,9,0,0,0
1525,0,0.12178398,5,0,0,0
1526,1,0.9722729,8,2,0,0
1527,0,0.11230926,2,0,0,0
1528,1,0.70760477,3,1,0,0
1529,1,0.7098154,1,1,0,0
1530,0,0.009050225,2,0,0,0
1532,1,0.59109586,8,1,0,0
1533,0,0.16607058,5,0,0,0
1534,0,0.0953222,1,0,0,0
1535,0,0.033683028,3,0,0,0
1536,0,0.059223987,9,0,0,0
1537,0,0.015334936,5,0,0,0
1538,0,0.29687577,3,0,0,0
1539,0,0.082295574,5,0,0,0
1540,0,0.005030722,3,0,0,0
1541,0,0.30674547,4,0,0,0
1542,0,0.039372206,3,0,0,0
1543,0,0.14966477,8,0,0,0
1544,0,0.0022761598,4,0,0,0
1545,1,0.5298064,5,1,0,0
1546,0,0.45610404,2,0,0,0
1548,0,0.016658226,4,0,0,0
1550,0,0.00031536145,1,0,0,0
1551,0,0.005670897,6,0,0,0
1552,1,0.7319928,4,2,0,0
1554,0,0.022965385,1,0,0,0
1557,0,0.045183975,4,0,0,0
1559,0,0.18053289,5,0,0,0
1563,0,0.038820907,6,0,0,0
1564,0,0.0050573703,1,0,0,0
1566,0,0.14757897,5,0,0,0
1568,0,0.15635444,4,0,0,0
1569,0,0.0010457608,1,0,0,0
1570,0,0.13376954,6,0,0,0
1571,0,0.0022327662,2,0,0,0
1572,0,0.043818485,2,0,0,0
1574,0,0.0043712575,4,0,0,0
1577,0,0.019995362,1,0,0,0
1579,0,0.10191741,5,0,0,0
1580,0,0.47294036,3,0,0,0
1581,1,0.9311445,2,1,0,0
1582,0,0.19296141,4,0,0,0
1583,1,0.94982386,10,1,0,0
1584,0,0.03847741,4,0,0,0
1585,0,0.2603507,6,0,0,0
1586,0,0.014383364,4,0,0,0
1588,1,0.83923924,4,1,0,0
1589,0,0.101287186,1,0,0,0
1590,1,0.92747223,5,1,0,0
1592,0,0.47526333,4,0,0,0
1593,0,0.054114703,3,0,0,0
1596,0,0.28212705,8,0,0,0
1597,0,0.005648627,3,0,0,0
1598,0,0.010459684,3,0,0,0
1599,0,0.12656905,1,0,0,0
1600,0,0.075565204,6,0,0,0
1601,1,0.8606272,8,2,0,0
1603,0,0.3952998,6,0,0,0
1604,0,0.0046454384,6,0,0,0
1605,0,0.001235119,3,0,0,0
1606,0,0.009331116,2,0,0,0
1607,0,0.0073082107,3,0,0,0
1608,0,0.03913999,1,0,0,0
1609,0,0.31676468,4,0,0,0
1611,0,0.0053363848,1,0,0,0
1612,0,0.40057278,4,0,0,0
1614,1,0.8800597,7,2,0,0
1616,0,0.0149613805,4,0,0,0
1617,0,0.059068397,7,0,0,0
1618,0,0.048180204,2,0,0,0
1620,0,0.016228423,1,0,0,0
1621,1,0.5806499,3,1,0,0
1622,1,0.84185386,5,1,0,0
1623,0,0.014130336,3,0,0,0
1624,0,0.144935,5,0,0,0
1625,0,0.0013789356,1,0,0,0
1627,0,0.21455751,3,0,0,0
1629,0,0.1629503,4,0,0,0
1630,0,0.20107625,2,0,0,0
1631,0,0.0028404656,2,0,0,0
1632,0,0.20198248,8,0,0,0
1634,0,0.0023397082,6,0,0,0
1635,0,0.047833946,4,0,0,0
1638,1,0.9789938,2,1,0,0
1639,0,0.40567222,5,0,0,0
1640,0,0.012502611,3,0,0,0
1643,1,0.5796361,5,1,0,0
1645,0,0.047071837,3,0,0,0
1646,0,0.24874401,4,0,0,0
1647,0,0.4337091,6,0,0,0
1649,0,0.2596804,6,0,0,0
1652,0,0.49342117,8,0,0,0
1653,0,0.27646092,6,0,0,0
1654,0,0.0006045788,3,0,0,0
1655,0,0.014232779,5,0,0,0
1656,0,0.013073098,4,0,0,0
1657,0,0.4492323,2,0,0,0
1660,1,0.9075677,4,1,0,0
1661,0,0.0068864613,5,0,0,0
1662,0,0.0013994771,2,0,0,0
1663,0,0.0017792347,2,0,0,0
1664,1,0.5471723,3,1,0,0
1666,0,0.14809693,5,0,0,0
1671,0,0.29647738,5,0,0,0
1673,0,0.1466996,2,0,0,0
1678,0,0.3466038,8,0,0,0
1679,0,0.017185533,4,0,0,0
1680,0,0.025174838,5,0,0,0
1681,0,0.024843058,4,0,0,0
1682,0,0.00796444,2,0,0,0
1683,0,0.00083290244,1,0,0,0
1685,0,0.0013181588,3,0,0,0
1687,0,0.035383213,1,0,0,0
1690,1,0.8666069,6,1,0,0
1691,1,0.6585916,3,1,0,0
1693,0,0.34705412,2,0,0,0
1694,1,0.5890514,4,2,0,0
1695,0,0.13673377,4,0,0,0
1696,0,0.036178816,5,0,0,0
1697,0,0.43514442,4,0,0,0
1698,0,0.45259926,3,0,0,0
1699,0,0.22430961,2,0,0,0
1702,0,0.09943476,2,0,0,0
1704,0,0.31231436,5,0,0,0
1705,0,0.20267995,5,0,0,0
1706,0,0.36363766,5,0,0,0
1707,0,0.005092213,2,0,0,0
1708,0,0.11234746,1,0,0,0
1709,0,0.005814967,1,0,0,0
1710,0,0.16689251,5,0,0,0
1711,0,0.1813282,3,0,0,0
1712,1,0.9508148,7,1,0,0
1713,1,0.7411876,5,1,0,0
1714,0,0.056771077,5,0,0,0
1716,0,0.27670816,6,0,0,0
1717,0,0.0027750705,1,0,0,0
1719,0,0.24649777,5,0,0,0
1720,0,0.021323303,3,0,0,0
1722,0,0.43565667,2,0,0,0
1723,0,0.4602505,4,0,0,0
1724,0,0.32483152,8,0,0,0
1725,0,0.15177532,6,0,0,0
1726,0,0.0061624497,4,0,0,0
1727,0,0.014708768,1,0,0,0
1728,0,0.10136982,7,0,0,0
1729,0,0.22556463,3,0,0,0
1732,1,0.66937447,6,1,0,0
1733,0,0.14546825,1,0,0,0
1734,0,0.0047121192,2,0,0,0
1735,0,0.07536509,4,0,0,0
1736,0,0.014504849,4,0,0,0
1737,0,0.15163511,5,0,0,0
1739,0,0.015683392,3,0,0,0
1740,0,0.12737495,3,0,0,0
1741,0,0.15302536,4,0,0,0
1742,1,0.60404646,6,1,0,0
1747,0,0.3256059,2,0,0,0
1748,0,0.003000084,1,0,0,0
1749,0,0.35179412,2,0,0,0
1750,0,0.2347281,7,0,0,0
1752,1,0.9200983,4,2,0,0
1753,1,0.92188543,5,2,0,0
1754,1,0.99321127,4,2,0,0
1755,1,0.9559958,1,1,0,0
1756,1,0.64271706,2,1,0,0
1760,0,0.023819905,3,0,0,0
1761,0,0.04181777,2,0,0,0
1763,1,0.7541325,5,1,0,0
1765,0,0.12898378,6,0,0,0
1766,0,0.0051024826,7,0,0,0
1767,0,0.010109708,4,0,0,0
1768,1,0.7400557,3,1,0,0
1770,0,0.06269514,4,0,0,0
1771,1,0.95135385,6,1,0,0
1772,1,0.7439918,7,1,0,0
1773,0,0.44308737,4,0,0,0
1778,1,0.5880763,5,1,0,0
1779,1,0.8139824,4,1,0,0
1780,0,0.010504475,1,0,0,0
1781,1,0.9700347,2,1,0,0
1783,0,0.19605052,7,0,0,0
1785,1,0.9662859,4,1,0,0
1786,0,0.02453311,3,0,0,0
1789,0,0.32611436,4,0,0,0
1791,0,0.003353979,3,0,0,0
1792,0,0.11025561,3,0,0,0
1793,1,0.6739761,4,1,0,0
1795,1,0.89219916,7,1,0,0
1796,0,0.27832237,1,0,0,0
1797,0,0.00631936,1,0,0,0
1798,0,0.24688719,3,0,0,0
1799,0,0.03682624,5,0,0,0
1800,0,0.005195422,5,0,0,0
1801,0,0.06425534,3,0,0,0
1802,0,0.004366655,5,0,0,0
1805,0,0.113220684,3,0,0,0
1806,0,0.0246822,6,0,0,0
1807,1,0.93804413,6,2,0,0
1809,0,0.29482505,3,0,0,0
1810,1,0.5310612,8,1,0,0
1811,0,0.34352776,6,0,0,0
1812,0,0.010009431,4,0,0,0
1813,0,0.36569855,2,0,0,0
1815,0,0.0023058665,8,0,0,0
1816,0,0.028316641,2,0,0,0
1817,0,0.054038264,6,0,0,0
1819,0,0.1585953,4,0,0,0
1821,1,0.9493498,1,1,0,0
1822,1,0.7904421,4,2,0,0
1823,0,0.0011256504,4,0,0,0
1824,1,0.79851454,3,1,0,0
1825,1,0.7924703,2,1,0,0
1827,1,0.68942684,8,1,0,0
1828,0,0.0017106949,2,0,0,0
1829,1,0.98741734,3,3,0,0
1834,0,0.14456423,8,0,0,0
1835,0,0.011749074,1,0,0,0
1838,0,0.46290487,1,0,0,0
1839,0,0.04920779,5,0,0,0
1840,0,0.37271065,6,0,0,0
1842,0,0.13324422,2,0,0,0
1843,0,0.044738755,7,0,0,0
1844,0,0.024203692,4,0,0,0
1845,0,0.006492753,4,0,0,0
1846,0,0.20564991,6,0,0,0
1848,1,0.5403863,3,1,0,0
1849,0,0.0052561383,5,0,0,0
1852,1,0.8402089,3,1,0,0
1853,0,0.16154894,5,0,0,0
1858,0,0.23797417,1,0,0,0
1860,0,0.14646876,3,0,0,0
1862,0,0.030269898,2,0,0,0
1864,0,0.10155047,3,0,0,0
1865,0,0.058614925,4,0,0,0
1866,0,0.024813041,4,0,0,0
1869,1,0.5018138,6,1,0,0
1870,1,0.687284,4,1,0,0
1871,1,0.51083136,3,1,0,0
1872,1,0.96962243,3,2,0,0
1874,0,0.019707052,1,0,0,0
1875,0,0.040912405,5,0,0,0
1878,0,0.014092345,1,0,0,0
1879,0,0.080106124,2,0,0,0
1880,0,0.4069225,3,0,0,0
1881,0,0.13973968,4,0,0,0
1882,1,0.6338273,6,1,0,0
1883,0,0.0070328787,4,0,0,0
1885,0,0.021707075,7,0,0,0
1887,1,0.9966614,9,8,0,0
1888,0,0.011221406,4,0,0,0
1889,0,0.16218558,4,0,0,0
1890,0,0.01035607,2,0,0,0
1891,0,0.02254232,4,0,0,0
1893,0,0.26022917,6,0,0,0
1894,1,0.9774868,5,2,0,0
1896,0,0.0007155979,2,0,0,0
1899,0,0.0017840551,4,0,0,0
1900,0,0.12713218,2,0,0,0
1901,0,0.031979006,2,0,0,0
1904,1,0.5847667,2,1,0,0
1906,0,0.0652908,6,0,0,0
1908,0,0.34342134,3,0,0,0
1910,1,0.6480598,8,1,0,0
1913,0,0.007112924,1,0,0,0
1916,1,0.5881007,4,2,0,0
1917,0,0.051841907,4,0,0,0
1918,0,0.024930445,1,0,0,0
1920,0,0.001482262,6,0,0,0
1921,0,0.30242243,5,0,0,0
1922,1,0.70586866,3,1,0,0
1923,1,0.9777279,3,2,0,0
1924,0,0.009946932,1,0,0,0
1925,1,0.8325828,1,1,0,0
1926,0,0.006300707,2,0,0,0
1928,0,0.0018373181,5,0,0,0
1929,1,0.99314135,3,2,0,0
1931,0,0.033979516,1,0,0,0
1932,0,0.41463554,7,0,0,0
1933,0,0.022058789,1,0,0,0
1934,0,0.002349669,7,0,0,0
1935,1,0.8404345,6,3,0,0
1936,0,0.12176462,1,0,0,0
1939,0,0.4021302,3,0,0,0
1941,0,0.028917484,1,0,0,0
1942,0,0.0029210073,4,0,0,0
1943,0,0.12366699,5,0,0,0
1944,0,0.08024131,5,0,0,0
1946,0,0.006032924,5,0,0,0
1948,0,0.006496131,4,0,0,0
1949,1,0.9897894,9,2,0,0
1950,0,0.04994305,4,0,0,0
1951,0,0.05762818,3,0,0,0
1952,0,0.01860878,7,0,0,0
1953,0,0.0093961535,4,0,0,0
1954,0,0.016897898,4,0,0,0
1955,0,0.01846328,2,0,0,0
1959,0,0.48828685,5,0,0,0
1960,0,0.0063627297,4,0,0,0
1961,0,0.066116855,5,0,0,0
1963,0,0.39391437,1,0,0,0
1964,0,0.03895028,6,0,0,0
1966,0,0.025054995,3,0,0,0
1967,0,0.016106568,5,0,0,0
1968,0,0.3737705,2,0,0,0
1969,0,0.002333539,4,0,0,0
1970,1,0.9849081,6,1,0,0
1971,0,0.07181365,6,0,0,0
1972,0,0.09666002,4,0,0,0
1973,0,0.008545697,4,0,0,0
1975,0,0.097548,6,0,0,0
1976,0,0.09145702,2,0,0,0
1977,0,0.0020610392,3,0,0,0
1979,0,0.18452103,3,0,0,0
1980,1,0.9488064,7,1,0,0
1983,0,0.04416059,5,0,0,0
1985,0,0.029538628,4,0,0,0
1986,0,0.19896969,3,0,0,0
1987,0,0.003789185,2,0,0,0
1988,0,0.02182531,1,0,0,0
1989,0,0.027506381,5,0,0,0
1990,0,0.006980467,4,0,0,0
1991,1,0.73525566,8,1,0,0
1992,0,0.0039562113,3,0,0,0
1994,0,0.06530691,2,0,0,0
1995,0,0.069880076,3,0,0,0
1996,0,0.15180561,1,0,0,0
1998,0,0.025556419,1,0,0,0
2000,0,0.0010030593,1,0,0,0
2001,1,0.88789535,5,1,0,0
2002,0,0.19600007,4,0,0,0
2003,1,0.9870014,5,2,0,0
2004,0,0.002422378,5,0,0,0
2006,0,0.005075111,4,0,0,0
2007,0,0.13848563,10,0,0,0
2011,0,0.010729052,3,0,0,0
2012,1,0.64746535,7,1,0,0
2013,1,0.9972121,3,1,0,0
2014,0,0.13891143,6,0,0,0
2016,1,0.75039005,4,1,0,0
2017,0,0.00088275725,7,0,0,0
2018,0,0.03881686,5,0,0,0
2019,0,0.025164573,4,0,0,0
2022,0,0.035007983,6,0,0,0
2024,1,0.9614427,7,4,0,0
2026,0,0.07300666,5,0,0,0
2027,0,0.04241332,4,0,0,0
2028,0,0.43638745,7,0,0,0
2029,0,0.0048006154,3,0,0,0
2031,0,0.010700343,5,0,0,0
2032,0,0.033380028,5,0,0,0
2033,0,0.044303074,4,0,0,0
2034,1,0.9074098,5,1,0,0
2035,1,0.87953883,4,3,0,0
2039,0,0.04199219,5,0,0,0
2040,0,0.0029639783,4,0,0,0
2041,0,0.37574095,2,0,0,0
2042,0,0.45417544,2,0,0,0
2044,0,0.025816493,2,0,0,0
2045,1,0.98341864,3,2,0,0
2046,1,0.6518094,5,1,0,0
2048,0,0.3522324,10,0,0,0
2049,0,0.0007092654,3,0,0,0
2050,0,0.15302539,2,0,0,0
2051,0,0.08940234,4,0,0,0
2052,0,0.032542378,4,0,0,0
2053,0,0.37856358,5,0,0,0
2054,0,0.011210412,3,0,0,0
2055,1,0.81626415,7,1,0,0
2059,0,0.18563674,7,0,0,0
2060,0,0.24321328,2,0,0,0
2061,1,0.7172575,8,2,0,0
2062,0,0.4143658,2,0,0,0
2063,0,0.47817603,4,0,0,0
2064,1,0.69830644,8,2,0,0
2066,0,0.005624211,1,0,0,0
2067,0,0.029658865,3,0,0,0
2069,0,0.03557964,4,0,0,0
2070,0,0.26662493,6,0,0,0
2071,0,0.007302588,3,0,0,0
2072,0,0.0027722374,4,0,0,0
2074,0,0.30800778,5,0,0,0
2075,0,0.02995293,4,0,0,0
2079,0,0.32499766,8,0,0,0
2080,1,0.98393375,3,1,0,0
2083,0,0.21866164,5,0,0,0
2084,1,0.8642494,5,1,0,0
2085,1,0.78308916,3,1,0,0
2087,0,0.35506675,6,0,0,0
2088,0,0.04368469,4,0,0,0
2089,0,0.040893886,5,0,0,0
2090,0,0.36559534,1,0,0,0
2092,0,0.001100939,4,0,0,0
2095,1,0.77953964,5,1,0,0
2096,0,0.017540444,5,0,0,0
2097,1,0.9227655,1,1,0,0
2102,1,0.65320414,7,1,0,0
2104,0,0.0063076755,1,0,0,0
2105,0,0.32456768,7,0,0,0
2106,0,0.4983127,1,0,0,0
2108,0,0.08037301,6,0,0,0
2111,0,0.0068830242,8,0,0,0
2114,0,0.4454177,5,0,0,0
2115,1,0.9849557,9,1,0,0
2117,0,0.0016249215,4,0,0,0
2118,0,0.009505635,6,0,0,0
2119,1,0.87769794,7,1,0,0
2120,0,0.002853682,4,0,0,0
2121,1,0.6276138,5,1,0,0
2124,1,0.7168032,6,1,0,0
2126,1,0.94883406,5,1,0,0
2128,0,0.07548024,10,0,0,0
2129,0,0.29402253,8,0,0,0
2130,0,0.121339664,6,0,0,0
2132,0,0.030621262,7,0,0,0
2133,0,0.14553258,3,0,0,0
2134,0,0.059966642,6,0,0,0
2135,1,0.85893595,2,2,0,0
2136,0,0.06754185,3,0,0,0
2137,0,0.025266197,6,0,0,0
2139,0,0.0022494146,1,0,0,0
